id,question,baseline_response,baseline_time,baseline_length,rag_response,rag_time,rag_length,rag_sources_count,rag_sources,rag_hybrid_response,rag_hybrid_time,rag_hybrid_length,rag_hybrid_sources_count,rag_hybrid_sources,rerank_response,rerank_time,rerank_length,rerank_sources_count,rerank_sources
1,Que signifie l'acronyme SAR dans le contexte du système Galileo et quel est son but principal ?,"Dans le contexte du système Galileo, SAR (Synthetic Aperture Radar) désigne un type de radar utilisant une antenne virtuelle pour générer des images par réflexion. Le but principal de ce système est la production d'images précises et en haute résolution des surfaces terrestres indépendamment de la lumière visuelle, même dans les conditions atmosphériques défavorables ou durant la nuit.",50.86,388,"L'acronyme SAR dans le contexte du système Galileo représente Search and Rescue. Son but principal est de fournir un service de recherche et sauvetage à l'aide de signaux emis par des émetteurs de balises placés sur les objets en détresse (par exemple, les appareils d'avions ou de bateaux). Cela permet aux services de secours terrestres d'identifier la position des objets en détresse pour les sauver.",119.56,403,5,GALILEO OPEN SERVICE SERVICE DEFINITION DOCUMENT > 1.4 ABBREVIATIONS AND ACRONYMS | GALILEO HIGH ACCURACY SERVICE (HAS) SERVICE DEFINITION DOCUMENT (HAS SDD) > 1.4 ABBREVIATIONS AND ACRONYMS | GALILEO HIGH ACCURACY SERVICE (HAS)- INFO NOTE > Introduction | GALILEO SEARCH AND RESCUE SERVICE DEFINITION DOCUMENT (SAR SDD) > Introduction | GALILEO HIGH ACCURACY SERVICE (HAS) SERVICE DEFINITION DOCUMENT (HAS SDD) > C.2.2 General NAGU,"Dans le contexte du système Galileo, SAR signifie Search and Rescue. Son but principal est de fournir un service de recherche et sauvetage en utilisant des satellites pour localiser les signaux des détresseurs (par exemple des équipements de survie des aviateurs ou des marins en détresse) et de leur envoyer des messages d'aide.",149.58,329,5,GALILEO SEARCH AND RESCUE SERVICE DEFINITION DOCUMENT (SAR SDD) > 5.3 SAR/Galileo Space Segment Availability for the Forward Link Service | GALILEO SEARCH AND RESCUE SERVICE DEFINITION DOCUMENT (SAR SDD) > Introduction | GALILEO SEARCH AND RESCUE SERVICE DEFINITION DOCUMENT (SAR SDD) > 5.3 SAR/Galileo Space Segment Availability for the Forward Link Service | GALILEO SEARCH AND RESCUE SERVICE DEFINITION DOCUMENT (SAR SDD) > 3.3.3.1 Forward Link Infrastructure | GALILEO SEARCH AND RESCUE SERVICE DEFINITION DOCUMENT (SAR SDD) > A.2. Communication to SAR/Galileo Users (Annex),"Dans le contexte du système Galileo, l'acronyme SAR (Search and Rescue) désigne un service destiné à la localisation de détresse pour les missions de sauvetage. Son but principal est de fournir une assistance rapide et efficace aux opérations de recherche et sauvetage en cas de catastrophes naturelles ou d'incidents aériens.",91.6,326,5,GALILEO SEARCH AND RESCUE SERVICE DEFINITION DOCUMENT (SAR SDD) > 4.2 SAR/Galileo Forward Link Service States in ECA | GALILEO SEARCH AND RESCUE SERVICE DEFINITION DOCUMENT (SAR SDD) > A.1. SAR/Galileo Data Service Provider (Annex) | GALILEO SEARCH AND RESCUE SERVICE DEFINITION DOCUMENT (SAR SDD) > 4.3 SAR/Galileo Forward Link Service States in IOCA | GALILEO OPEN SERVICE SERVICE DEFINITION DOCUMENT > Introduction | GALILEO HIGH ACCURACY SERVICE (HAS) SERVICE DEFINITION DOCUMENT (HAS SDD) > Introduction
2,Quelle est la précision horizontale (Horizontal Accuracy) visée à 95% pour le service Galileo HAS Service Level 1 (SL1) ?,"La précision horizontale visée à 95% pour le service Galileo HAS Service Level 1 (SL1) est de 2,5 mètres.",14.37,105,"La précision horizontale (Horizontal Accuracy) visée à 95% pour le service Galileo HAS Service Level 1 (SL1) est de moins de deux décimètres, soit un résultat inférieur à 20cm.",148.0,176,5,GALILEO HIGH ACCURACY SERVICE (HAS) SERVICE DEFINITION DOCUMENT (HAS SDD) > E.2 TYPICAL HAS POSITIONING ACCURACY PERFORMANCE | GALILEO HIGH ACCURACY SERVICE (HAS)- INFO NOTE > Introduction | GALILEO SEARCH AND RESCUE SERVICE DEFINITION DOCUMENT (SAR SDD) > 5.2 SAR/Galileo Return Link Service Performance | GALILEO OPEN SERVICE SERVICE DEFINITION DOCUMENT > 2.3.5 GALILEO OS AVAILABILITY | GALILEO HIGH ACCURACY SERVICE (HAS)- INFO NOTE > Introduction,La précision horizontale visée à 95% pour le service Galileo HAS Service Level 1 (SL1) est de 20 cm.,165.97,100,5,GALILEO SEARCH AND RESCUE SERVICE DEFINITION DOCUMENT (SAR SDD) > Introduction | GALILEO HIGH ACCURACY SERVICE (HAS)- INFO NOTE > Introduction | GALILEO HIGH ACCURACY SERVICE (HAS)- INFO NOTE > Introduction | GALILEO HIGH ACCURACY SERVICE (HAS)- INFO NOTE > Introduction | GALILEO HIGH ACCURACY SERVICE (HAS) SERVICE DEFINITION DOCUMENT (HAS SDD) > 1.5 GALILEO HIGH ACCURACY SERVICE DEFINITION,La précision horizontale visée à 95% pour le service Galileo HAS Service Level 1 (SL1) est de 25 cm.,134.38,100,5,GALILEO HIGH ACCURACY SERVICE (HAS)- INFO NOTE > Introduction | GALILEO HIGH ACCURACY SERVICE (HAS) SERVICE DEFINITION DOCUMENT (HAS SDD) > 1.5 GALILEO HIGH ACCURACY SERVICE DEFINITION | GALILEO OPEN SERVICE SERVICE DEFINITION DOCUMENT > 2.3.5 GALILEO OS AVAILABILITY | GALILEO HIGH ACCURACY SERVICE (HAS) SERVICE DEFINITION DOCUMENT (HAS SDD) > E.2 TYPICAL HAS POSITIONING ACCURACY PERFORMANCE | GALILEO HIGH ACCURACY SERVICE (HAS) SERVICE DEFINITION DOCUMENT (HAS SDD) > 1.5 GALILEO HIGH ACCURACY SERVICE DEFINITION
3,Quelles sont les deux méthodes de distribution des corrections HAS (SIS vs IDD) décrites dans le document HAS SDD ?,Les deux méthodes de distribution des corrections HAS décrites dans le document HAS SDD sont la méthode SIS (Single Image Super-Resolution) et la méthode IDD (Image Decomposition and Decimation).,16.46,195,"Les deux méthodes de distribution des corrections HAS décrites dans le document HAS SDD sont :

1. HAS SIS [RD-1]
2. HAS IDD [RD-2]",159.17,131,5,GALILEO HIGH ACCURACY SERVICE (HAS) SERVICE DEFINITION DOCUMENT (HAS SDD) > 3.2 HAS CORRECTIONS | GALILEO OPEN SERVICE SERVICE DEFINITION DOCUMENT > Introduction | GALILEO OPEN SERVICE SERVICE DEFINITION DOCUMENT > C.4.5 UERE BUDGET | GALILEO HIGH ACCURACY SERVICE (HAS) SERVICE DEFINITION DOCUMENT (HAS SDD) > 1.5.1 HAS CORRECTIONS | GALILEO HIGH ACCURACY SERVICE (HAS) SERVICE DEFINITION DOCUMENT (HAS SDD) > 3.2.4 HAS CORRECTIONS AVAILABILITY - AT USER LEVEL - MPL,Les deux méthodes de distribution des corrections HAS décrites dans le document HAS SDD sont la distribution par Signal-in-Space (SIS) et la distribution par Internet Data Distribution (IDD).,127.47,191,5,GALILEO HIGH ACCURACY SERVICE (HAS) SERVICE DEFINITION DOCUMENT (HAS SDD) > 2.2.2 HAS IDD MESSAGES | GALILEO HIGH ACCURACY SERVICE (HAS) SERVICE DEFINITION DOCUMENT (HAS SDD) > 2.4 USAGE ASSUMPTIONS FOR HIGH ACCURACY SERVICE | GALILEO HIGH ACCURACY SERVICE (HAS) SERVICE DEFINITION DOCUMENT (HAS SDD) > 1.5 GALILEO HIGH ACCURACY SERVICE DEFINITION | GALILEO HIGH ACCURACY SERVICE (HAS) SERVICE DEFINITION DOCUMENT (HAS SDD) > 1.2 SCOPE OF THE DOCUMENT | GALILEO HIGH ACCURACY SERVICE (HAS) SERVICE DEFINITION DOCUMENT (HAS SDD) > 1.1 PURPOSE OF THE DOCUMENT,"Les deux méthodes de distribution des corrections HAS décrites dans le document HAS SDD sont :
1. Le SIS (Signal In Space) channel, décrit dans l'ICD [RD-1].
2. Le IDD (Internet Data Distribution) channel, décrit dans l'ICD [RD-2].",121.68,231,5,GALILEO HIGH ACCURACY SERVICE (HAS) SERVICE DEFINITION DOCUMENT (HAS SDD) > 1.5.1 HAS CORRECTIONS | GALILEO HIGH ACCURACY SERVICE (HAS) SERVICE DEFINITION DOCUMENT (HAS SDD) > 2.2.2 HAS IDD MESSAGES | GALILEO HIGH ACCURACY SERVICE (HAS) SERVICE DEFINITION DOCUMENT (HAS SDD) > 3.2 HAS CORRECTIONS | GALILEO HIGH ACCURACY SERVICE (HAS) SERVICE DEFINITION DOCUMENT (HAS SDD) > 3.2.3 HAS CORRECTIONS AVAILABILITY – AT USER LEVEL - DEFINITION | GALILEO HIGH ACCURACY SERVICE (HAS) SERVICE DEFINITION DOCUMENT (HAS SDD) > 1.5.1 HAS CORRECTIONS
4,Quelles informations spécifiques doit contenir le champ 'SIGNAL(S) AFFECTED' dans une notification NAGU selon le standard OS SDD ?,"Le champ 'SIGNAL(S) AFFECTED' dans une notification NAGU (Notification d'Anomalie de Génie de l'Usine) selon le standard OS SDD doit contenir des informations spécifiques sur les signaux affectés par l'anomalie. Il s'agit généralement de numéros de signal, mais peut également inclure des informations telles que leur nom, unité ou état. L'objectif est de fournir une description claire et précise de l'état de ces signaux à la suite de l'anomalie pour faciliter le diagnostic et la correction du problème.",36.63,506,Le champ 'SIGNAL(S) AFFECTED' dans une notification NAGU selon le standard OS SDD devrait contenir des informations spécifiques sur les signaux affectés par l'évènement en question sur la constellation Galileo.,135.89,210,5,GALILEO OPEN SERVICE SERVICE DEFINITION DOCUMENT > Introduction | GALILEO SEARCH AND RESCUE SERVICE DEFINITION DOCUMENT (SAR SDD) > A.2. Communication to SAR/Galileo Users (Annex) | GALILEO HIGH ACCURACY SERVICE (HAS) SERVICE DEFINITION DOCUMENT (HAS SDD) > Introduction | GALILEO SEARCH AND RESCUE SERVICE DEFINITION DOCUMENT (SAR SDD) > Introduction | GALILEO OPEN SERVICE SERVICE DEFINITION DOCUMENT > E.1. LIST OF DEFINED NAGUS,"Selon le standard OS SDD, le champ 'SIGNAL(S) AFFECTED' dans une notification NAGU doit contenir des informations détaillées sur les signaux GPS qui sont affectés par l'événement en question. Il s'agit généralement de l'indication de la disponibilité ou non du service précis, comme le service de navigation à haute précision (High Accuracy Service - HAS), ou bien d'une autre composante telle que les corrections orbitales ou clocks. Les informations contenues dans ce champ permettent ainsi aux utilisateurs finaux d'être informés des implications sur leur propre utilisation du système GPS.",148.15,593,5,GALILEO HIGH ACCURACY SERVICE (HAS) SERVICE DEFINITION DOCUMENT (HAS SDD) > C.1 LIST OF DEFINED NAGUS | GALILEO OPEN SERVICE SERVICE DEFINITION DOCUMENT > E.1. LIST OF DEFINED NAGUS | GALILEO OPEN SERVICE SERVICE DEFINITION DOCUMENT > E.1. LIST OF DEFINED NAGUS | GALILEO HIGH ACCURACY SERVICE (HAS) SERVICE DEFINITION DOCUMENT (HAS SDD) > C.1 LIST OF DEFINED NAGUS | GALILEO HIGH ACCURACY SERVICE (HAS) SERVICE DEFINITION DOCUMENT (HAS SDD) > C.1 LIST OF DEFINED NAGUS,"Selon le standard OS SDD, le champ 'SIGNAL(S) AFFECTED' dans une notification NAGU doit spécifier les signaux de Galileo affectés par l'événement en question. Il s'agit généralement des signaux E1, E5a et E5b fournis par chaque satellite de la constellation Galileo.",132.4,266,5,GALILEO OPEN SERVICE SERVICE DEFINITION DOCUMENT > THE EUROPEAN GNSS SERVICE CENTRE (GSC): GALILEO INTERFACE WITH USERS | GALILEO HIGH ACCURACY SERVICE (HAS) SERVICE DEFINITION DOCUMENT (HAS SDD) > Galileo Service Facilities | GALILEO HIGH ACCURACY SERVICE (HAS) SERVICE DEFINITION DOCUMENT (HAS SDD) > 1.6.5.1 Notification to Users (NAGUs) | GALILEO OPEN SERVICE SERVICE DEFINITION DOCUMENT > 2.3 OVERVIEW OF GALILEO OS PERFORMANCE CHARACTERISTICS | GALILEO OPEN SERVICE SERVICE DEFINITION DOCUMENT > E.1. LIST OF DEFINED NAGUS
5,Le service Galileo HAS est-il officiellement garanti pour des applications critiques pour la sécurité de la vie (safety-of-life) ?,"Non, le service Galileo HAS n'est pas officiellement garanti pour des applications critiques de sécurité de la vie (safety-of-life). Ce niveau de précision et de dépendabilité est réservé au service Galileo SSOA (Satellite Based Augmentation System - Open Service) qui est en cours de développement.",23.91,299,"Non, le service Galileo High Accuracy Service (HAS) n'est pas officiellement garanti pour des applications critiques pour la sécurité de la vie (safety-of-life). En effet, dans le contexte fourni, il est mentionné que le caractérisation du service Galileo en termes d'intégrité est un activité en cours et qu'elle sera développée dans des versions futures du document. De plus, aucune garantie explicite pour les applications critiques de sécurité de la vie n'est énoncée dans le contenu fourni.",164.01,495,5,GALILEO OPEN SERVICE SERVICE DEFINITION DOCUMENT > 1.6 GALILEO SYSTEM OVERVIEW | GALILEO HIGH ACCURACY SERVICE (HAS) SERVICE DEFINITION DOCUMENT (HAS SDD) > Galileo Service Facilities | GALILEO OPEN SERVICE SERVICE DEFINITION DOCUMENT > C.5. INTEGRITY | GALILEO HIGH ACCURACY SERVICE (HAS)- INFO NOTE > 2 TARGET MARKETS | GALILEO OPEN SERVICE SERVICE DEFINITION DOCUMENT > Introduction,"Oui, le SAR/Galileo FOC Forward Link Service est conçu pour la récupération de signaux émis par les balises de survie Cospas-Sarsat compatibles et transmettre cette information aux postes de contrôle des secours associés (MCCs), ce qui permet d'améliorer la sécurité des personnes en détresse. De plus, le service Galileo HAS est conçu pour offrir une précision de positionnement de environ 20 centimètres, une exigence que les applications critiques pour la sécurité de la vie peuvent nécessiter. Cependant, il n'est pas clair si ce service est officiellement garanti uniquement pour des applications critiques de sécurité de vie dans tous les domaines mentionnés (routier, aviation, etc.). Il est donc recommandé de consulter les sources officielles pour obtenir plus d'informations sur cette question.",174.84,804,5,GALILEO SEARCH AND RESCUE SERVICE DEFINITION DOCUMENT (SAR SDD) > Introduction | GALILEO SEARCH AND RESCUE SERVICE DEFINITION DOCUMENT (SAR SDD) > 3.1 SAR/Galileo Forward Link Service | GALILEO SEARCH AND RESCUE SERVICE DEFINITION DOCUMENT (SAR SDD) > Introduction | GALILEO HIGH ACCURACY SERVICE (HAS)- INFO NOTE > 2 TARGET MARKETS | GALILEO HIGH ACCURACY SERVICE (HAS)- INFO NOTE > 2 TARGET MARKETS,"Non, le service Galileo HAS n'est pas officiellement garanti pour les applications critiques pour la sécurité de la vie (safety-of-life). En effet, seul le Public Regulated Service (PRS) est réservé aux utilisateurs autorisés par l'État, et c'est ce service qui est destiné à des applications nécessitant un haut niveau de continuité pour la sécurité de la vie.",134.37,361,5,GALILEO OPEN SERVICE SERVICE DEFINITION DOCUMENT > C.5. INTEGRITY | GALILEO HIGH ACCURACY SERVICE (HAS) SERVICE DEFINITION DOCUMENT (HAS SDD) > Introduction | GALILEO HIGH ACCURACY SERVICE (HAS) SERVICE DEFINITION DOCUMENT (HAS SDD) > Galileo Service Facilities | GALILEO HIGH ACCURACY SERVICE (HAS) SERVICE DEFINITION DOCUMENT (HAS SDD) > 1.6 GALILEO SYSTEM OVERVIEW | GALILEO OPEN SERVICE SERVICE DEFINITION DOCUMENT > 1.6.3 GALILEO SERVICE FACILITIES
6,Comment activer la communication vocale bidirectionnelle avec les secours via le service Galileo SAR ?,"Pour activer la communication vocale bidirectionnelle avec les secours via le service Galileo SAR, il est nécessaire d'utiliser un dispositif EPIRB (Beacon de sauvetage en mer) ou PLB (Beacon de sauvetage en montagne) équipé de la technologie COSPAS-SARSAT et compatible avec le système Galileo. L'utilisateur doit déclencher l'appareil dans une situation de danger, puis les secours utilisent des satellites Galileo pour déterminer la position de l'utilisateur, et un centre opérateur de sauvetage international peut alors établir une communication vocale avec lui.",37.27,566,"Pour activer la communication vocale bidirectionnelle avec les secours via le service Galileo SAR, il n'y a pas de spécifications détaillées données dans le contexte fourni. Cependant, selon la documentation, les utilisateurs souhaitant obtenir des informations sur les services de recherche et sauvetage Galileo (SAR/Galileo Services) peuvent contacter l'European GNSS Service Centre Help Desk en envoyant leurs questions à l'adresse suivante : [www.gsc-europa.eu/helpdesk](http://www.gsc-europa.eu/helpdesk). Il est possible que vous trouviez plus d'informations détaillées en consultant cette adresse web.",132.23,608,5,GALILEO HIGH ACCURACY SERVICE (HAS) SERVICE DEFINITION DOCUMENT (HAS SDD) > Introduction | GALILEO OPEN SERVICE SERVICE DEFINITION DOCUMENT > Introduction | GALILEO OPEN SERVICE SERVICE DEFINITION DOCUMENT > 1.5 GALILEO OPEN SERVICE DEFINITION | GALILEO OPEN SERVICE SERVICE DEFINITION DOCUMENT > Introduction | GALILEO SEARCH AND RESCUE SERVICE DEFINITION DOCUMENT (SAR SDD) > E.1. SAR/Galileo Points of Contact (Annex),"Pour activer la communication vocale bidirectionnelle avec les secours via le service Galileo SAR, il faut que votre dispositif soit équipé d'un 1er ou 2ème génération de balise C/S compatible compliant avec le protocole RLS. Lorsque la balise envoie un signal de détresse à 406MHz, il est reçu par un satellite Galileo muni de SAR Repeater instruments (SARR). Le satellite rediffuse ensuite le message en L-band vers l'origine de la balise via le signal E1 de Galileo. Cependant, cette fonctionnalité ne reconnaît pas que l'opération SAR a été déclenchée et il n'y a pas de communication vocale bidirectionnelle établie directement avec les secours. Le service Galileo SAR est conçu pour permettre un retour de données (messages Return Link, RLM) vers la balise originale, mais pas une communication vocale interactive avec les secours.",180.18,837,5,GALILEO SEARCH AND RESCUE SERVICE DEFINITION DOCUMENT (SAR SDD) > Introduction | GALILEO SEARCH AND RESCUE SERVICE DEFINITION DOCUMENT (SAR SDD) > B.1.2. Service Notification (Annex) | GALILEO SEARCH AND RESCUE SERVICE DEFINITION DOCUMENT (SAR SDD) > 3.3.1 SAR/Galileo Space Segment | GALILEO SEARCH AND RESCUE SERVICE DEFINITION DOCUMENT (SAR SDD) > 3.2 SAR/Galileo Return Link Service | GALILEO SEARCH AND RESCUE SERVICE DEFINITION DOCUMENT (SAR SDD) > 3.2 SAR/Galileo Return Link Service,"Pour activer la communication vocale bidirectionnelle avec les secours via le service Galileo SAR, vous devez utiliser un équipement compatible 1er ou 2ème génération avec le protocole RLS (Return Link Service) à fréquence 406 MHz. Lorsque votre appareil envoie un signal de détresse, il est détecté par le système COSPAS-SARSAT puis transmis à Galileo pour la communication retour (Return Link Message, RLM). Il n'y a pas de moyen spécifique indiqué pour activer cette fonctionnalité dans ce document. Je recommande donc de consulter le fabricant de votre appareil ou les autorités compétentes en matière de sécurité maritime pour obtenir des informations plus détaillées sur l'utilisation du service Galileo SAR.",184.18,714,5,GALILEO SEARCH AND RESCUE SERVICE DEFINITION DOCUMENT (SAR SDD) > A.2. Communication to SAR/Galileo Users (Annex) | GALILEO SEARCH AND RESCUE SERVICE DEFINITION DOCUMENT (SAR SDD) > E.1. SAR/Galileo Points of Contact (Annex) | GALILEO SEARCH AND RESCUE SERVICE DEFINITION DOCUMENT (SAR SDD) > Introduction | GALILEO SEARCH AND RESCUE SERVICE DEFINITION DOCUMENT (SAR SDD) > 3.2 SAR/Galileo Return Link Service | GALILEO OPEN SERVICE SERVICE DEFINITION DOCUMENT > THE EUROPEAN GNSS SERVICE CENTRE (GSC): GALILEO INTERFACE WITH USERS
7,Quelle est la précision exacte du signal militaire américain 'GPS M-Code' selon ces rapports ?,"Le signal militaire GPS M-Code dispose d'une précision horizontale maximale de 0,67 mètre, selon les rapports. Cependant, cette précision peut varier en fonction des facteurs tels que la position géographique, l'environnement et le matériel utilisé pour la navigation GPS.",20.55,272,"Les documents fournis ne contiennent pas d'informations sur la précision exacte du signal militaire américain 'GPS M-Code'. Ce n'est que des documents de Galileo qui ont été fournis, et ils ne mentionnent que les spécifications de leur propre système. Pour obtenir des informations sur la précision du GPS M-Code, il est nécessaire de consulter des sources spécifiques à ce sujet.",162.04,380,5,GALILEO SEARCH AND RESCUE SERVICE DEFINITION DOCUMENT (SAR SDD) > Introduction | GALILEO OPEN SERVICE SERVICE DEFINITION DOCUMENT > E.2. NAGU FORMAT | GALILEO HIGH ACCURACY SERVICE (HAS) SERVICE DEFINITION DOCUMENT (HAS SDD) > E.2 TYPICAL HAS POSITIONING ACCURACY PERFORMANCE | GALILEO OPEN SERVICE SERVICE DEFINITION DOCUMENT > 2.2 OVERVIEW OF OS SIS INTERFACE CHARACTERISTICS | GALILEO OPEN SERVICE SERVICE DEFINITION DOCUMENT > E.2. NAGU FORMAT,"Les informations fournies ne mentionnent pas de précision exacte pour le signal militaire américain GPS M-Code. Cependant, le M-Code est connu pour offrir une précision supérieure à 20 cm dans certaines conditions, mais cette précision peut varier en fonction de plusieurs facteurs tels que la position sur terre, l'altitude et les conditions atmosphériques.",143.48,358,5,GALILEO SEARCH AND RESCUE SERVICE DEFINITION DOCUMENT (SAR SDD) > Introduction | GALILEO OPEN SERVICE SERVICE DEFINITION DOCUMENT > 3.7 PERFORMANCE LEVEL FOR THE GNSS SERVICE CENTRE | GALILEO SEARCH AND RESCUE SERVICE DEFINITION DOCUMENT (SAR SDD) > 3.1 SAR/Galileo Forward Link Service | GALILEO HIGH ACCURACY SERVICE (HAS) SERVICE DEFINITION DOCUMENT (HAS SDD) > E.2 TYPICAL HAS POSITIONING ACCURACY PERFORMANCE | GALILEO OPEN SERVICE SERVICE DEFINITION DOCUMENT > 2.2 OVERVIEW OF OS SIS INTERFACE CHARACTERISTICS,"Les rapports fournis ne mentionnent pas de précision explicite pour le signal militaire GPS M-Code. Le M-Code est un signal de navigation crypté réservé aux utilisateurs autorisés, dont les caractéristiques et la précision exactes sont des informations classifiées. Cependant, selon certaines sources extérieures à ces rapports, le GPS M-Code pourrait offrir une précision pouvant aller jusqu'à quelques centimètres.",159.47,416,5,GALILEO OPEN SERVICE SERVICE DEFINITION DOCUMENT > 2.2 OVERVIEW OF OS SIS INTERFACE CHARACTERISTICS | GALILEO HIGH ACCURACY SERVICE (HAS) SERVICE DEFINITION DOCUMENT (HAS SDD) > E.2 TYPICAL HAS POSITIONING ACCURACY PERFORMANCE | GALILEO SEARCH AND RESCUE SERVICE DEFINITION DOCUMENT (SAR SDD) > 3.1 SAR/Galileo Forward Link Service | GALILEO OPEN SERVICE SERVICE DEFINITION DOCUMENT > Introduction | GALILEO OPEN SERVICE SERVICE DEFINITION DOCUMENT > Introduction
